,coin,price,amount,buyer
0,SUSHIUSDT,1.68400000,123.60000000,True
0,SUSHIUSDT,1.68400000,264.10000000,True
0,SUSHIUSDT,1.68400000,374.60000000,False
0,TIAUSDT,16.93000000,0.40000000,False
0,TIAUSDT,16.93030000,0.40000000,False
0,DCRUSDT,20.31000000,9.84700000,True
0,DCRUSDT,20.30000000,43.04600000,True
0,FILUSDT,7.82800000,25.54000000,True
0,IRISUSDT,0.03328000,2998.50000000,True
0,OCEANUSDT,0.72290000,14.00000000,False
0,CTKUSDT,0.79500000,13.90000000,False
0,CTKUSDT,0.79490000,9.90000000,True
0,CTKUSDT,0.79480000,104.20000000,True
0,CTKUSDT,0.79480000,161.50000000,False
0,UNIUSDT,11.16400000,23.72000000,True
0,AUDIOUSDT,0.24080000,132.40000000,True
0,UNIUSDT,11.16500000,1.78000000,False
0,UNIUSDT,11.16600000,25.06000000,False
0,AUDIOUSDT,0.24080000,1807.80000000,True
0,AUDIOUSDT,0.24080000,113.90000000,True
0,TIAUSDT,16.93030000,0.40000000,False
0,DCRUSDT,20.30000000,31.37300000,True
0,DCRUSDT,20.29000000,1.10600000,True
0,DCRUSDT,20.28000000,19.74200000,True
0,DCRUSDT,20.27000000,0.67300000,True
0,ORNUSDT,1.57010000,8.30000000,True
0,ORNUSDT,1.56980000,5.30000000,True
0,ORNUSDT,1.56960000,1.20000000,True
0,ORNUSDT,1.56950000,4.00000000,True
0,ORNUSDT,1.56950000,10.30000000,True
0,DCRUSDT,20.32000000,1.17300000,False
0,TIAUSDT,16.93030000,8.70000000,True
0,TIAUSDT,16.92950000,9.00000000,True
0,TIAUSDT,16.93030000,0.70000000,True
0,INJUSDT,34.70000000,0.20000000,True
0,ORNUSDT,1.56990000,5.50000000,False
0,ORNUSDT,1.57000000,10.80000000,False
0,ORNUSDT,1.57010000,2.80000000,False
0,DCRUSDT,20.28000000,1.05600000,True
0,DCRUSDT,20.27000000,51.83800000,True
0,INJUSDT,34.70000000,5.70000000,True
0,NEARUSDT,3.81200000,110.80000000,False
0,UNIUSDT,11.16500000,11.29000000,True
0,SUSHIUSDT,1.68400000,95.80000000,False
0,LUNAUSDT,0.66610000,15.01000000,False
0,UTKUSDT,0.07960000,70.00000000,False
0,SUSHIUSDT,1.68400000,69.10000000,True
0,SXPUSDT,0.35980000,604.50000000,True
0,IRISUSDT,0.03328000,2998.50000000,True
0,NEARUSDT,3.81200000,939.80000000,True
0,ORNUSDT,1.57010000,19.10000000,False
0,RSRUSDT,0.00314100,6367.30000000,False
0,UTKUSDT,0.07950000,76.00000000,True
0,YFIUSDT,8375.00000000,0.00597000,False
0,INJUSDT,34.70000000,17.20000000,True
0,SUSHIUSDT,1.68400000,443.70000000,False
0,UNIUSDT,11.16600000,26.95000000,False
0,AAVEUSDT,99.65000000,0.98500000,False
0,AAVEUSDT,99.66000000,0.34200000,False
0,AAVEUSDT,99.67000000,0.77400000,False
0,STORJUSDT,0.73060000,11.00000000,True
0,DOTUSDT,7.78100000,7.10000000,True
0,TIAUSDT,16.93040000,8.70000000,False
0,TIAUSDT,16.93060000,0.40000000,False
0,TIAUSDT,16.93080000,0.40000000,False
0,TIAUSDT,16.93170000,9.00000000,False
0,ORNUSDT,1.57010000,63.60000000,False
0,TIAUSDT,16.93060000,0.40000000,False
0,TIAUSDT,16.93120000,0.40000000,False
0,TIAUSDT,16.93210000,0.60000000,False
0,AXSUSDT,8.08000000,1.96000000,True
0,INJUSDT,34.70000000,253.30000000,True
0,INJUSDT,34.70000000,23.30000000,False
0,OCEANUSDT,0.72290000,124.00000000,False
0,DOTUSDT,7.78200000,1.28000000,False
0,IRISUSDT,0.03328000,2998.50000000,True
0,ORNUSDT,1.57010000,38.20000000,False
0,NEARUSDT,3.81200000,8.00000000,True
0,UNIUSDT,11.16700000,6.66000000,False
0,CTKUSDT,0.79480000,85.00000000,True
0,CTKUSDT,0.79470000,587.40000000,True
0,CTKUSDT,0.79470000,227.60000000,True
0,CTKUSDT,0.79460000,14.00000000,True
0,CTKUSDT,0.79450000,14.00000000,True
0,CTKUSDT,0.79440000,14.00000000,True
0,CTKUSDT,0.79430000,138.40000000,True
0,CTKUSDT,0.79420000,14.00000000,True
0,CTKUSDT,0.79410000,11.50000000,True
0,CTKUSDT,0.79400000,194.10000000,True
0,CTKUSDT,0.79400000,569.40000000,True
0,CTKUSDT,0.79390000,200.00000000,True
0,CTKUSDT,0.79370000,14.00000000,True
0,CTKUSDT,0.79360000,374.90000000,True
0,CTKUSDT,0.79350000,14.00000000,True
0,CTKUSDT,0.79340000,218.70000000,True
0,CTKUSDT,0.79330000,14.00000000,True
0,CTKUSDT,0.79310000,136.10000000,True
0,CTKUSDT,0.79290000,14.00000000,True
0,CTKUSDT,0.79270000,17.10000000,True
0,CTKUSDT,0.79250000,59.70000000,True
0,CTKUSDT,0.79250000,200.00000000,True
0,CTKUSDT,0.79300000,8.80000000,False
0,CTKUSDT,0.79250000,200.00000000,True
0,CTKUSDT,0.79300000,160.00000000,False
0,CTKUSDT,0.79290000,14.00000000,False
0,CTKUSDT,0.79410000,8.00000000,False
0,CTKUSDT,0.79410000,6.00000000,False
0,CTKUSDT,0.79450000,2.00000000,False
0,CTKUSDT,0.79450000,8.80000000,False
0,CTKUSDT,0.79450000,3.20000000,False
0,CTKUSDT,0.79480000,5.60000000,False
0,CTKUSDT,0.79480000,8.40000000,False
0,CTKUSDT,0.79500000,16.80000000,False
0,CTKUSDT,0.79280000,14.00000000,False
0,CTKUSDT,0.79450000,49.10000000,False
0,ORNUSDT,1.57010000,9.50000000,False
0,CTKUSDT,0.79290000,14.00000000,False
0,CTKUSDT,0.79430000,8.00000000,False
0,CTKUSDT,0.79430000,8.00000000,False
0,CTKUSDT,0.79290000,14.00000000,False
0,CTKUSDT,0.79420000,8.00000000,False
0,SXPUSDT,0.35990000,18.30000000,False
0,CTKUSDT,0.79300000,14.00000000,False
0,CTKUSDT,0.79300000,14.00000000,False
0,PAXGUSDT,2009.00000000,0.02460000,True
0,CTKUSDT,0.79400000,8.00000000,False
0,CTKUSDT,0.79400000,6.00000000,False
0,CTKUSDT,0.79410000,2.00000000,False
0,CTKUSDT,0.79400000,8.00000000,False
0,CTKUSDT,0.79400000,6.00000000,False
0,CTKUSDT,0.79410000,2.00000000,False
0,CTKUSDT,0.79300000,14.00000000,False
0,CTKUSDT,0.79320000,12.20000000,False
0,SANDUSDT,0.52170000,80.00000000,True
0,AAVEUSDT,99.65000000,0.16300000,False
0,ORNUSDT,1.57010000,10.80000000,False
0,FILUSDT,7.82900000,2.52000000,False
0,SANDUSDT,0.52170000,309.00000000,True
0,SANDUSDT,0.52170000,1.00000000,True
0,SANDUSDT,0.52160000,895.00000000,True
0,NEARUSDT,3.81200000,1.40000000,False
0,SANDUSDT,0.52160000,895.00000000,True
0,DOTUSDT,7.78200000,7.22000000,False
0,NEARUSDT,3.81200000,313.70000000,False
0,NEARUSDT,3.81300000,565.20000000,False
0,NEARUSDT,3.81400000,125.00000000,False
0,NEARUSDT,3.81400000,65.40000000,False
0,ORNUSDT,1.56940000,63.90000000,True
0,ORNUSDT,1.56940000,53.20000000,True
0,ORNUSDT,1.56930000,23.30000000,True
0,ORNUSDT,1.56920000,11.30000000,True
0,ORNUSDT,1.56910000,6.40000000,True
0,ORNUSDT,1.56900000,11.90000000,True
0,ORNUSDT,1.56880000,5.40000000,True
0,ORNUSDT,1.56870000,6.40000000,True
0,ORNUSDT,1.56860000,5.50000000,True
0,ORNUSDT,1.56840000,10.30000000,True
0,ORNUSDT,1.56820000,5.60000000,True
0,ORNUSDT,1.56800000,32.30000000,True
0,ORNUSDT,1.56780000,5.20000000,True
0,ORNUSDT,1.56760000,10.80000000,True
0,ORNUSDT,1.56750000,69.00000000,True
0,ORNUSDT,1.56750000,101.70000000,True
0,ORNUSDT,1.56740000,26.40000000,True
0,DOTUSDT,7.78200000,3.70000000,False
0,IRISUSDT,0.03328000,774.80000000,True
0,IRISUSDT,0.03327000,2223.70000000,True
0,UNIUSDT,11.16800000,1.78000000,False
0,SANDUSDT,0.52170000,38.00000000,False
0,AUDIOUSDT,0.24080000,132.40000000,True
0,AUDIOUSDT,0.24080000,861.50000000,True
0,AUDIOUSDT,0.24080000,547.70000000,True
0,MANAUSDT,0.49970000,107.00000000,True
0,DOTUSDT,7.78300000,2.55000000,False
0,FILUSDT,7.82900000,2.54000000,False
0,UNIUSDT,11.16800000,253.14000000,False
0,UNIUSDT,11.16800000,14.74000000,False
0,UNIUSDT,11.16900000,39.03000000,False
0,UNIUSDT,11.17100000,0.48000000,False
0,AXSUSDT,8.08000000,3.89000000,True
0,CTKUSDT,0.79340000,15.70000000,False
0,CTKUSDT,0.79310000,10.30000000,True
0,CTKUSDT,0.79310000,14.00000000,True
0,CTKUSDT,0.79300000,41.60000000,True
0,UNIUSDT,11.17000000,1.50000000,True
0,AVAXUSDT,36.60000000,0.14000000,False
0,CTKUSDT,0.79300000,15.90000000,True
0,CTKUSDT,0.79300000,14.00000000,True
0,CTKUSDT,0.79290000,25.70000000,True
0,CTKUSDT,0.79290000,13.90000000,False
0,CTKUSDT,0.79300000,14.00000000,False
0,CTKUSDT,0.79280000,612.00000000,True
0,CTKUSDT,0.79280000,10.30000000,False
0,CTKUSDT,0.79280000,583.40000000,False
0,CTKUSDT,0.79280000,83.80000000,False
0,UNIUSDT,11.17000000,23.56000000,True
0,CTKUSDT,0.79270000,19.90000000,True
0,CTKUSDT,0.79270000,14.00000000,True
0,CTKUSDT,0.79260000,85.20000000,True
0,CTKUSDT,0.79280000,692.90000000,False
0,CTKUSDT,0.79270000,30.70000000,True
0,CTKUSDT,0.79260000,14.00000000,True
0,CTKUSDT,0.79250000,234.30000000,True
0,NEARUSDT,3.81300000,1.40000000,True
0,KMDUSDT,0.31000000,59.00000000,False
0,KMDUSDT,0.31010000,127.00000000,False
0,KMDUSDT,0.31020000,52.00000000,False
0,BLZUSDT,0.36680000,100.00000000,True
0,CTKUSDT,0.79270000,13.90000000,False
0,SANDUSDT,0.52170000,11.00000000,False
0,NEARUSDT,3.81300000,1007.50000000,True
0,NEARUSDT,3.81200000,392.50000000,True
0,CTKUSDT,0.79280000,30.60000000,True
0,CTKUSDT,0.79280000,0.10000000,True
0,SUSHIUSDT,1.68500000,439.20000000,False
0,SUSHIUSDT,1.68600000,1085.90000000,False
0,NEARUSDT,3.81200000,526.90000000,True
0,AAVEUSDT,99.64000000,4.15400000,True
0,AAVEUSDT,99.63000000,3.24600000,True
0,AAVEUSDT,99.60000000,3.41700000,True
0,AAVEUSDT,99.60000000,2.42800000,True
0,IRISUSDT,0.03328000,2998.50000000,True
0,AAVEUSDT,99.59000000,5.07000000,True
0,NEARUSDT,3.81200000,11.10000000,False
0,AVAXUSDT,36.60000000,6.56000000,False
0,TIAUSDT,16.93220000,0.80000000,False
0,SUSHIUSDT,1.68600000,5.90000000,False
0,SUSHIUSDT,1.68600000,7.10000000,False
0,SUSHIUSDT,1.68600000,17.70000000,False
0,SUSHIUSDT,1.68600000,23.70000000,False
0,CTKUSDT,0.79260000,30.70000000,True
0,CTKUSDT,0.79250000,7.40000000,True
0,SUSHIUSDT,1.68600000,3.20000000,False
0,SUSHIUSDT,1.68600000,6.30000000,False
0,SUSHIUSDT,1.68600000,8.80000000,False
0,SUSHIUSDT,1.68600000,29.60000000,False
0,SUSHIUSDT,1.68600000,7.10000000,False
0,SUSHIUSDT,1.68600000,5.90000000,False
0,SUSHIUSDT,1.68600000,5.90000000,False
0,SUSHIUSDT,1.68600000,8.80000000,False
0,SUSHIUSDT,1.68600000,11.80000000,False
0,SUSHIUSDT,1.68600000,11.80000000,False
0,SUSHIUSDT,1.68600000,8.80000000,False
0,SUSHIUSDT,1.68600000,3.20000000,False
0,SUSHIUSDT,1.68600000,13.30000000,False
0,SUSHIUSDT,1.68600000,5.90000000,False
0,SUSHIUSDT,1.68600000,17.70000000,False
0,SUSHIUSDT,1.68600000,8.80000000,False
0,SUSHIUSDT,1.68600000,5.90000000,False
0,SUSHIUSDT,1.68600000,8.80000000,False
0,SUSHIUSDT,1.68600000,3.20000000,False
0,SUSHIUSDT,1.68600000,5.90000000,False
0,SUSHIUSDT,1.68600000,5.90000000,False
0,SUSHIUSDT,1.68600000,8.80000000,False
0,SUSHIUSDT,1.68600000,7.10000000,False
0,SUSHIUSDT,1.68600000,5.90000000,False
0,SUSHIUSDT,1.68600000,20.70000000,False
0,SUSHIUSDT,1.68600000,11.80000000,False
0,SUSHIUSDT,1.68600000,8.80000000,False
0,SUSHIUSDT,1.68600000,29.60000000,False
0,SUSHIUSDT,1.68600000,13.60000000,False
0,SUSHIUSDT,1.68600000,6.50000000,False
0,SUSHIUSDT,1.68600000,11.80000000,False
0,SUSHIUSDT,1.68600000,5.90000000,False
0,SUSHIUSDT,1.68600000,17.70000000,False
0,AVAXUSDT,36.60000000,0.15000000,False
0,DOTUSDT,7.78200000,10.00000000,True
0,SUNUSDT,0.01094000,913.00000000,False
0,UNIUSDT,11.16900000,2.27000000,True
0,NEARUSDT,3.81200000,2.80000000,False
0,IRISUSDT,0.03328000,2998.50000000,True
0,AUDIOUSDT,0.24080000,411.00000000,False
0,UNIUSDT,11.16900000,1.55000000,True
0,AAVEUSDT,99.59000000,0.04400000,True
0,AAVEUSDT,99.57000000,0.05700000,True
0,FILUSDT,7.82800000,34.72000000,True
0,UNIUSDT,11.17000000,1.43000000,False
0,SXPUSDT,0.35990000,245.70000000,False
0,FILUSDT,7.82700000,24.19000000,True
0,YFIUSDT,8375.00000000,0.00070000,False
0,SUNUSDT,0.01094000,171935.00000000,False
0,RUNEUSDT,5.42900000,92.00000000,True
0,SUNUSDT,0.01094000,6735.00000000,True
0,BELUSDT,0.73770000,10.80000000,False
0,NEARUSDT,3.81100000,302.00000000,True
0,NEARUSDT,3.81000000,1259.10000000,True
0,NEARUSDT,3.81000000,719.40000000,True
0,NEARUSDT,3.81000000,692.40000000,True
0,NEARUSDT,3.80900000,288.20000000,True
0,NEARUSDT,3.80900000,256.70000000,True
0,NEARUSDT,3.80800000,122.30000000,True
0,NEARUSDT,3.80800000,2.10000000,True
0,CTKUSDT,0.79270000,13.90000000,True
0,CTKUSDT,0.79270000,13.80000000,True
0,AAVEUSDT,99.56000000,1.95500000,True
0,NEARUSDT,3.80700000,68.10000000,True
0,SUSHIUSDT,1.68500000,556.90000000,True
0,SUSHIUSDT,1.68400000,4.20000000,True
0,UNIUSDT,11.17000000,0.73000000,False
0,IRISUSDT,0.03328000,774.80000000,True
0,IRISUSDT,0.03327000,2223.70000000,True
0,DOTUSDT,7.78200000,92.41000000,True
0,DOTUSDT,7.78100000,268.26000000,True
0,DOTUSDT,7.78000000,102.60000000,True
0,AAVEUSDT,99.58000000,0.08300000,False
0,AUDIOUSDT,0.24070000,21.90000000,True
0,RUNEUSDT,5.42900000,1.40000000,True
0,OCEANUSDT,0.72300000,216.00000000,True
0,OCEANUSDT,0.72290000,18.00000000,True
0,SANDUSDT,0.52160000,1536.00000000,True
0,SANDUSDT,0.52160000,352.00000000,True
0,SANDUSDT,0.52160000,960.00000000,True
0,SANDUSDT,0.52160000,415.00000000,True
0,SANDUSDT,0.52160000,508.00000000,True
0,SANDUSDT,0.52150000,1460.00000000,True
0,OCEANUSDT,0.72280000,17.00000000,True
0,OCEANUSDT,0.72270000,708.00000000,True
0,YFIUSDT,8372.00000000,0.00094000,True
0,YFIUSDT,8371.00000000,0.09052000,True
0,YFIUSDT,8370.00000000,0.00188000,True
0,UNIUSDT,11.16900000,14.00000000,True
0,MKRUSDT,2024.00000000,0.71640000,True
0,NEARUSDT,3.80600000,2.00000000,True
0,BELUSDT,0.73760000,69.60000000,True
0,BELUSDT,0.73750000,10.60000000,True
0,BELUSDT,0.73750000,0.10000000,True
0,BELUSDT,0.73740000,10.90000000,True
0,BELUSDT,0.73730000,10.80000000,True
0,CRVUSDT,0.59970000,20.20000000,True
0,CRVUSDT,0.59960000,250.80000000,True
0,SUNUSDT,0.01095000,20091.00000000,False
0,FLMUSDT,0.09890000,19149.00000000,False
0,NEARUSDT,3.80600000,786.20000000,False
0,NEARUSDT,3.80600000,1504.00000000,False
0,NEARUSDT,3.80700000,348.50000000,False
0,CTKUSDT,0.79240000,24.10000000,True
0,CTKUSDT,0.79230000,34.30000000,True
0,CTKUSDT,0.79220000,502.60000000,True
0,CTKUSDT,0.79210000,24.40000000,True
0,CTKUSDT,0.79200000,23.50000000,True
0,CTKUSDT,0.79190000,367.70000000,True
0,NEARUSDT,3.80700000,41.70000000,False
0,CTKUSDT,0.79270000,8.80000000,False
0,CTKUSDT,0.79270000,5.20000000,False
0,CTKUSDT,0.79280000,4.90000000,False
0,CTKUSDT,0.79210000,14.00000000,False
0,CTKUSDT,0.79240000,10.00000000,False
0,CTKUSDT,0.79240000,4.00000000,False
0,CTKUSDT,0.79250000,4.80000000,False
0,CTKUSDT,0.79210000,10.10000000,False
0,CTKUSDT,0.79210000,3.90000000,False
0,CTKUSDT,0.79240000,8.80000000,False
0,CTKUSDT,0.79210000,14.00000000,False
0,CTKUSDT,0.79230000,8.80000000,False
0,CTKUSDT,0.79230000,10.10000000,False
0,CTKUSDT,0.79230000,10.10000000,False
0,NEARUSDT,3.80700000,3.20000000,True
0,NEARUSDT,3.80800000,29.00000000,False
0,NEARUSDT,3.80800000,49.10000000,False
0,TRBUSDT,115.04000000,0.29000000,True
0,IRISUSDT,0.03327000,2998.50000000,True
0,INJUSDT,34.69000000,8.60000000,True
0,RUNEUSDT,5.42900000,92.90000000,False
0,AKROUSDT,0.00582000,19000.00000000,False
0,AKROUSDT,0.00582100,264.00000000,False
0,AKROUSDT,0.00582200,528.00000000,False
0,AKROUSDT,0.00582300,9203.00000000,False
0,AKROUSDT,0.00582400,6668.00000000,False
0,AKROUSDT,0.00582000,8779.00000000,True
0,AKROUSDT,0.00582000,3267.00000000,True
0,TIAUSDT,16.93260000,0.60000000,False
0,AKROUSDT,0.00582000,31048.00000000,True
0,NEARUSDT,3.80700000,859.40000000,True
0,CTKUSDT,0.79240000,14.00000000,False
0,CTKUSDT,0.79250000,80.30000000,False
0,SUSHIUSDT,1.68400000,16.00000000,True
0,CTKUSDT,0.79250000,74.20000000,False
0,CTKUSDT,0.79250000,1.10000000,False
0,DOTUSDT,7.78000000,13.00000000,True
0,IRISUSDT,0.03328000,2998.50000000,True
0,UNIUSDT,11.16700000,0.89000000,True
0,UNIUSDT,11.16500000,31.63000000,True
0,UNIUSDT,11.16500000,64.30000000,True
0,UMAUSDT,3.98500000,138.30000000,True
0,UMAUSDT,3.98400000,227.20000000,True
0,UMAUSDT,3.98300000,569.80000000,True
0,UMAUSDT,3.98200000,256.10000000,True
0,UMAUSDT,3.98200000,4.40000000,True
0,AUDIOUSDT,0.24070000,599.00000000,False
0,UMAUSDT,3.98200000,16.00000000,True
0,UMAUSDT,3.98200000,4.40000000,True
0,AUDIOUSDT,0.24090000,100.50000000,False
0,TIAUSDT,16.93260000,0.20000000,False
0,TIAUSDT,16.93290000,0.40000000,False
0,TIAUSDT,16.93340000,0.70000000,False
0,TIAUSDT,16.93350000,2.00000000,False
0,TIAUSDT,16.93380000,1.10000000,False
0,TIAUSDT,16.93390000,1.10000000,False
0,TIAUSDT,16.93430000,0.70000000,False
0,TIAUSDT,16.93440000,3.00000000,False
0,UMAUSDT,3.98200000,25.10000000,True
0,AAVEUSDT,99.58000000,0.32800000,False
0,AAVEUSDT,99.59000000,6.16800000,False
0,AAVEUSDT,99.60000000,40.27800000,False
0,AAVEUSDT,99.61000000,6.10700000,False
0,YFIUSDT,8368.00000000,0.00099000,True
0,YFIUSDT,8367.00000000,0.04901000,True
0,YFIUSDT,8367.00000000,0.02675000,True
0,NTRNUSDT,1.58610000,12.20000000,False
0,YFIUSDT,8366.00000000,0.08965000,True
0,NEARUSDT,3.80700000,142.90000000,False
0,NEARUSDT,3.80700000,84.80000000,False
0,NEARUSDT,3.80700000,209.50000000,False
0,NEARUSDT,3.80700000,75.80000000,False
0,NEARUSDT,3.80700000,24.80000000,False
0,NEARUSDT,3.80700000,27.10000000,False
0,NEARUSDT,3.80700000,2.00000000,False
0,UNIUSDT,11.16400000,0.54000000,False
0,NEARUSDT,3.80800000,399.40000000,False
0,NEARUSDT,3.80800000,71.40000000,False
0,NEARUSDT,3.80800000,1201.80000000,False
0,NEARUSDT,3.80800000,1341.30000000,False
0,NMRUSDT,31.04000000,0.23000000,False
0,AXSUSDT,8.09000000,6.18000000,False
0,TIAUSDT,16.93410000,0.40000000,False
0,NMRUSDT,31.04000000,0.21000000,True
0,SUSHIUSDT,1.68500000,7.10000000,False
0,NEARUSDT,3.80700000,2.10000000,True
0,DIAUSDT,0.51420000,154.50000000,True
0,WINGUSDT,9.30000000,1.44000000,True
0,FIOUSDT,0.03352000,3515.00000000,True
0,AKROUSDT,0.00581900,179602.00000000,True
0,AKROUSDT,0.00581800,267.00000000,True
0,AKROUSDT,0.00581700,261.00000000,True
0,AKROUSDT,0.00581600,260.00000000,True
0,AKROUSDT,0.00581500,22581.00000000,True
0,AKROUSDT,0.00581400,13378.00000000,True
0,DIAUSDT,0.51420000,62.70000000,True
0,DIAUSDT,0.51410000,1026.80000000,True
0,DIAUSDT,0.51400000,1365.60000000,True
0,AVAXUSDT,36.59000000,7.64000000,True
0,DIAUSDT,0.51400000,28.30000000,True
0,EGLDUSDT,58.05000000,3.44000000,True
0,AUDIOUSDT,0.24080000,132.40000000,True
0,TIAUSDT,16.93500000,0.70000000,False
0,DOTUSDT,7.78100000,10.00000000,True
0,AXSUSDT,8.08000000,1.00000000,True
0,FILUSDT,7.82700000,3.99000000,False
0,FILUSDT,7.82900000,104.13000000,False
0,LUNAUSDT,0.66610000,31.52000000,False
0,IRISUSDT,0.03330000,2998.50000000,True
0,DOTUSDT,7.78200000,13.97000000,False
0,UNIUSDT,11.16400000,0.89000000,False
0,UNIUSDT,11.16500000,7.38000000,False
0,UNIUSDT,11.16600000,84.23000000,False
0,UNIUSDT,11.16700000,182.83000000,False
0,UNIUSDT,11.16800000,172.45000000,False
0,CRVUSDT,0.59950000,124.60000000,False
0,SUSHIUSDT,1.68500000,18.90000000,False
0,AUDIOUSDT,0.24080000,132.40000000,True
0,SUSHIUSDT,1.68500000,0.10000000,False
0,SUSHIUSDT,1.68500000,238.80000000,False
0,RUNEUSDT,5.42900000,28.00000000,False
0,AXSUSDT,8.08000000,2.70000000,True
0,TIAUSDT,16.93720000,1.80000000,True
0,NTRNUSDT,1.58680000,6.30000000,False
0,NTRNUSDT,1.58700000,614.40000000,False
0,DIAUSDT,0.51400000,9.80000000,True
0,DIAUSDT,0.51380000,19.50000000,True
0,DIAUSDT,0.51370000,194.30000000,True
0,KSMUSDT,47.11000000,0.25400000,False
0,IRISUSDT,0.03332000,1082.50000000,True
0,NEARUSDT,3.80700000,422.40000000,False
0,NEARUSDT,3.80800000,29.00000000,False
0,NEARUSDT,3.80800000,84.00000000,False
0,RSRUSDT,0.00314100,10667.80000000,False
0,KSMUSDT,47.11000000,2.21000000,False
0,WINGUSDT,9.30000000,10.18000000,True
0,YFIUSDT,8367.00000000,0.09056000,False
0,YFIUSDT,8368.00000000,0.00489000,False
0,PAXGUSDT,2009.00000000,0.01380000,True
0,NEARUSDT,3.80900000,37.00000000,False
0,IRISUSDT,0.03333000,2998.50000000,True
0,UNIUSDT,11.17500000,1.37000000,True
0,EGLDUSDT,58.06000000,0.26000000,False
0,LUNAUSDT,0.66600000,716.15000000,True
0,YFIUSDT,8369.00000000,0.00099000,False
0,DOTUSDT,7.78200000,40.91000000,False
0,DOTUSDT,7.78300000,315.73000000,False
0,AVAXUSDT,36.60000000,100.00000000,False
0,AVAXUSDT,36.60000000,50.00000000,False
0,AVAXUSDT,36.60000000,33.12000000,False
0,AUDIOUSDT,0.24090000,164.80000000,False
0,INJUSDT,34.70000000,8.00000000,False
0,RSRUSDT,0.00314200,2388.30000000,False
0,BALUSDT,4.65600000,7.50000000,False
0,TRBUSDT,115.04000000,8.69000000,False
0,UNIUSDT,11.17700000,21.12000000,False
0,NTRNUSDT,1.58640000,117.30000000,True
0,NTRNUSDT,1.58640000,0.10000000,True
0,NTRNUSDT,1.58650000,104.30000000,True
0,NTRNUSDT,1.58630000,6.20000000,True
0,UNIUSDT,11.17800000,21.12000000,False
0,FILUSDT,7.82900000,16.81000000,True
0,NTRNUSDT,1.58560000,56.10000000,True
0,NTRNUSDT,1.58560000,0.10000000,True
0,UMAUSDT,3.98400000,51.40000000,False
0,NMRUSDT,31.05000000,0.48000000,False
0,ALPHAUSDT,0.13830000,3097.00000000,False
0,MANAUSDT,0.49960000,12.00000000,True
0,AUDIOUSDT,0.24100000,207.50000000,False
0,AUDIOUSDT,0.24100000,207.40000000,False
0,NEARUSDT,3.80900000,16.40000000,True
0,ORNUSDT,1.56800000,5.10000000,True
0,ORNUSDT,1.56780000,5.00000000,True
0,ORNUSDT,1.56760000,4.90000000,True
0,ORNUSDT,1.56740000,4.80000000,True
0,ORNUSDT,1.56720000,4.90000000,True
0,ORNUSDT,1.56700000,5.60000000,True
0,ORNUSDT,1.56680000,9.80000000,True
0,ORNUSDT,1.56660000,5.50000000,True
0,ORNUSDT,1.56640000,5.60000000,True
0,ORNUSDT,1.56630000,454.20000000,True
0,ORNUSDT,1.56620000,5.70000000,True
0,ORNUSDT,1.56600000,5.40000000,True
0,ORNUSDT,1.56570000,124.80000000,True
0,ORNUSDT,1.56560000,31.80000000,True
0,ORNUSDT,1.56550000,118.30000000,True
0,ORNUSDT,1.56540000,46.30000000,True
0,ORNUSDT,1.56530000,62.80000000,True
0,ORNUSDT,1.56520000,28.50000000,True
0,ORNUSDT,1.56500000,71.90000000,True
0,ORNUSDT,1.56490000,960.80000000,True
0,ORNUSDT,1.56480000,54.00000000,True
0,ORNUSDT,1.56440000,418.10000000,True
0,ORNUSDT,1.56630000,5.50000000,False
0,ORNUSDT,1.56640000,23.30000000,False
0,ORNUSDT,1.56650000,5.40000000,False
0,ORNUSDT,1.56670000,5.30000000,False
0,ORNUSDT,1.56690000,5.20000000,False
0,ORNUSDT,1.56710000,5.10000000,False
0,ORNUSDT,1.56730000,9.20000000,False
0,SUSHIUSDT,1.68500000,1099.60000000,True
0,ORNUSDT,1.56470000,120.10000000,True
0,ORNUSDT,1.56460000,4.70000000,True
0,SUSHIUSDT,1.68500000,464.80000000,False
0,SUSHIUSDT,1.68500000,182.20000000,True
0,SUSHIUSDT,1.68500000,0.10000000,True
0,UNIUSDT,11.18300000,5.00000000,True
0,ORNUSDT,1.56560000,23.30000000,False
0,ORNUSDT,1.56570000,5.10000000,False
0,ORNUSDT,1.56580000,8.20000000,False
0,ORNUSDT,1.56580000,6.90000000,False
0,ORNUSDT,1.56580000,6.00000000,False
0,SUSHIUSDT,1.68500000,301.70000000,False
0,CTKUSDT,0.79300000,95.00000000,False
0,IRISUSDT,0.03333000,2998.50000000,True
0,CTKUSDT,0.79310000,17.00000000,False
0,CTKUSDT,0.79310000,68.60000000,False
0,CTKUSDT,0.79320000,175.00000000,False
0,CTKUSDT,0.79330000,6.60000000,False
0,CTKUSDT,0.79330000,3.20000000,False
0,SUSHIUSDT,1.68500000,260.30000000,False
0,SUSHIUSDT,1.68500000,182.20000000,True
0,CTKUSDT,0.79330000,14.00000000,True
0,CTKUSDT,0.79320000,14.00000000,True
0,CTKUSDT,0.79310000,14.00000000,True
0,CTKUSDT,0.79300000,14.00000000,True
0,CTKUSDT,0.79290000,14.00000000,True
0,CTKUSDT,0.79280000,27.00000000,True
0,SUNUSDT,0.01096000,912.00000000,False
0,SANDUSDT,0.52160000,11.00000000,True
0,SUSHIUSDT,1.68500000,182.30000000,False
0,SUSHIUSDT,1.68500000,182.30000000,True
0,SUSHIUSDT,1.68500000,436.80000000,False
0,SUSHIUSDT,1.68500000,11.80000000,False
0,SUSHIUSDT,1.68500000,175.80000000,True
0,SUSHIUSDT,1.68500000,380.90000000,True
0,SUSHIUSDT,1.68500000,370.40000000,False
0,SUNUSDT,0.01095000,6000.00000000,True
0,ORNUSDT,1.56580000,2.20000000,False
0,ORNUSDT,1.56590000,2.00000000,False
0,ORNUSDT,1.56570000,5.60000000,False
0,ORNUSDT,1.56580000,17.70000000,False
0,ORNUSDT,1.56580000,5.60000000,False
0,ORNUSDT,1.56590000,3.00000000,False
0,ORNUSDT,1.56600000,4.90000000,False
0,ORNUSDT,1.56600000,18.40000000,False
0,UNIUSDT,11.18300000,8.63000000,True
0,ORNUSDT,1.56600000,4.60000000,False
0,SANDUSDT,0.52170000,260.00000000,False
0,STORJUSDT,0.73060000,34.00000000,True
0,STORJUSDT,0.73050000,699.00000000,True
0,STORJUSDT,0.73040000,277.00000000,True
0,MKRUSDT,2024.00000000,0.03800000,False
0,NEARUSDT,3.80900000,25.80000000,True
0,SUSHIUSDT,1.68500000,186.30000000,False
0,NTRNUSDT,1.58520000,19.10000000,True
0,NTRNUSDT,1.58520000,18.00000000,True
0,SUSHIUSDT,1.68500000,8.00000000,False
0,NEARUSDT,3.81000000,1.80000000,False
0,TRBUSDT,115.01000000,4.33000000,True
0,ORNUSDT,1.56600000,4.60000000,False
0,ORNUSDT,1.56600000,14.10000000,False
0,TIAUSDT,16.93930000,0.60000000,False
0,TIAUSDT,16.93940000,43.90000000,False
0,TIAUSDT,16.93970000,0.70000000,False
0,TIAUSDT,16.94030000,2.90000000,False
0,TIAUSDT,16.94110000,6.50000000,False
0,TIAUSDT,16.94120000,9.20000000,False
0,ORNUSDT,1.56600000,19.90000000,False
0,TIAUSDT,16.93770000,8.70000000,True
0,TIAUSDT,16.93760000,9.00000000,True
0,SANDUSDT,0.52160000,400.00000000,True
0,SANDUSDT,0.52160000,200.00000000,True
0,SANDUSDT,0.52150000,352.00000000,True
0,SANDUSDT,0.52150000,921.00000000,True
0,SANDUSDT,0.52150000,1110.00000000,True
0,SANDUSDT,0.52150000,921.00000000,True
0,SUSHIUSDT,1.68500000,182.30000000,True
0,SUSHIUSDT,1.68500000,182.30000000,False
0,ORNUSDT,1.56600000,3.40000000,False
0,ORNUSDT,1.56610000,4.90000000,False
0,ORNUSDT,1.56630000,5.40000000,False
0,KSMUSDT,47.12000000,0.67100000,True
0,KSMUSDT,47.11000000,1.27500000,True
0,KSMUSDT,47.10000000,0.04000000,True
0,INJUSDT,34.69000000,0.50000000,True
0,IRISUSDT,0.03333000,2998.50000000,True
0,ORNUSDT,1.56630000,4.90000000,False
0,ORNUSDT,1.56630000,5.10000000,False
0,ORNUSDT,1.56650000,1.90000000,False
0,ORNUSDT,1.56650000,8.60000000,False
0,SUSHIUSDT,1.68500000,71.00000000,True
0,SUSHIUSDT,1.68500000,71.00000000,False
0,MKRUSDT,2024.00000000,0.23700000,False
0,DOTUSDT,7.78300000,64.24000000,True
0,ORNUSDT,1.56600000,4.80000000,True
0,DCRUSDT,20.31000000,8.84600000,False
0,CTKUSDT,0.79290000,85.40000000,True
0,CTKUSDT,0.79280000,10.00000000,True
0,CTKUSDT,0.79270000,123.30000000,True
0,MANAUSDT,0.49970000,380.00000000,False
0,INJUSDT,34.69000000,0.70000000,True
0,TIAUSDT,16.94070000,8.90000000,False
0,INJUSDT,34.70000000,30.50000000,False
0,SUSHIUSDT,1.68500000,182.30000000,True
0,SUSHIUSDT,1.68500000,182.30000000,False
0,SUSHIUSDT,1.68500000,182.30000000,True
0,KSMUSDT,47.11000000,0.14400000,True
0,IRISUSDT,0.03333000,2998.50000000,True
0,AXSUSDT,8.08000000,0.78000000,True
0,UNIUSDT,11.18500000,0.58000000,True
0,UNIUSDT,11.18500000,0.63000000,True
0,UNIUSDT,11.18500000,20.79000000,True
0,UNIUSDT,11.18400000,1.21000000,True
0,STORJUSDT,0.73040000,401.00000000,True
0,STORJUSDT,0.73030000,239.00000000,True
0,STORJUSDT,0.73020000,948.00000000,True
0,UNIUSDT,11.18400000,0.89000000,False
0,UNIUSDT,11.18600000,24.22000000,False
0,SUSHIUSDT,1.68500000,556.00000000,False
0,SUSHIUSDT,1.68500000,35.80000000,True
0,LUNAUSDT,0.66600000,198.98000000,False
0,LUNAUSDT,0.66610000,15.02000000,False
0,LUNAUSDT,0.66620000,209.73000000,False
0,TRBUSDT,115.03000000,0.93000000,False
0,TRBUSDT,115.04000000,0.17000000,False
0,SUSHIUSDT,1.68500000,14.40000000,False
0,SUSHIUSDT,1.68500000,56.60000000,False
0,TRBUSDT,115.04000000,7.80000000,False
0,NEARUSDT,3.81100000,420.00000000,False
0,NEARUSDT,3.81200000,71.80000000,False
0,SANDUSDT,0.52160000,1544.00000000,False
0,MKRUSDT,2024.00000000,0.14350000,False
0,AVAXUSDT,36.61000000,11.35000000,False
0,MKRUSDT,2024.00000000,0.41930000,False
0,AAVEUSDT,99.69000000,5.04200000,False
0,MKRUSDT,2024.00000000,0.03070000,False
0,SANDUSDT,0.52160000,200.00000000,False
0,MKRUSDT,2024.00000000,0.21470000,False
0,MKRUSDT,2024.00000000,0.03070000,False
0,LUNAUSDT,0.66630000,150.00000000,True
0,INJUSDT,34.70000000,9.30000000,False
0,AAVEUSDT,99.69000000,0.20600000,False
0,AAVEUSDT,99.70000000,11.83200000,False
0,DOTUSDT,7.78400000,69.52000000,False
0,MKRUSDT,2025.00000000,0.23700000,False
0,INJUSDT,34.70000000,10.70000000,False
0,INJUSDT,34.70000000,8.80000000,False
0,INJUSDT,34.70000000,0.90000000,False
0,DOTUSDT,7.78500000,42.19000000,False
0,UNIUSDT,11.19000000,0.89000000,False
0,INJUSDT,34.70000000,70.00000000,False
0,UNIUSDT,11.19200000,22.64000000,False
0,INJUSDT,34.70000000,19.40000000,False
0,INJUSDT,34.70000000,22.00000000,False
0,CRVUSDT,0.59990000,150.90000000,False
0,UNIUSDT,11.19200000,9.07000000,True
0,UNIUSDT,11.19300000,21.12000000,False
0,UNIUSDT,11.19400000,14.50000000,False
0,AAVEUSDT,99.72000000,0.64400000,True
0,NEARUSDT,3.81200000,478.10000000,False
0,AUDIOUSDT,0.24090000,88.20000000,True
0,UNIUSDT,11.19300000,0.89000000,True
0,AVAXUSDT,36.61000000,0.43000000,True
0,TRBUSDT,115.03000000,0.44000000,False
0,NEARUSDT,3.81300000,2.60000000,False
0,FIOUSDT,0.03357000,413.00000000,False
0,SANDUSDT,0.52160000,168.00000000,True
0,SANDUSDT,0.52160000,31.00000000,True
0,SANDUSDT,0.52150000,973.00000000,True
0,MKRUSDT,2024.00000000,0.06750000,True
0,SANDUSDT,0.52150000,973.00000000,True
0,IRISUSDT,0.03333000,2998.50000000,True
0,UNIUSDT,11.18700000,8.00000000,True
0,MKRUSDT,2024.00000000,0.00480000,False
0,AVAXUSDT,36.61000000,0.50000000,True
0,SXPUSDT,0.36000000,807.70000000,False
0,SXPUSDT,0.36010000,832.50000000,False
0,SANDUSDT,0.52150000,40.00000000,True
0,UNIUSDT,11.18700000,46.52000000,True
0,UNIUSDT,11.18600000,125.68000000,True
0,ORNUSDT,1.56690000,5.50000000,False
0,ORNUSDT,1.56700000,0.90000000,False
0,ORNUSDT,1.56700000,5.50000000,False
0,UNIUSDT,11.18600000,0.89000000,True
0,SUSHIUSDT,1.68500000,3.00000000,True
0,SUSHIUSDT,1.68500000,182.30000000,False
0,SUNUSDT,0.01096000,90648.00000000,False
0,SUNUSDT,0.01097000,66027.00000000,False
0,TIAUSDT,16.94090000,0.30000000,False
0,INJUSDT,34.71000000,0.20000000,False
0,NEARUSDT,3.81200000,21.10000000,True
0,NEARUSDT,3.81200000,1.40000000,True
0,PAXGUSDT,2009.00000000,0.03750000,True
0,DOTUSDT,7.78500000,0.66000000,False
0,AVAXUSDT,36.61000000,0.15000000,False
0,DOTUSDT,7.78400000,20.00000000,True
0,CRVUSDT,0.59990000,318.90000000,True
0,CRVUSDT,0.59980000,318.10000000,True
0,CRVUSDT,0.59970000,159.20000000,True
0,DOTUSDT,7.78500000,1.00000000,False
0,SANDUSDT,0.52150000,800.00000000,True
0,AVAXUSDT,36.60000000,4.14000000,True
0,SANDUSDT,0.52150000,302.00000000,True
0,IRISUSDT,0.03333000,2998.50000000,True
0,NEARUSDT,3.81400000,13.10000000,False
0,AVAXUSDT,36.61000000,7.46000000,False
0,FILUSDT,7.82800000,36.00000000,True
0,CTKUSDT,0.79320000,87.60000000,True
0,AUDIOUSDT,0.24090000,88.20000000,True
0,SUSHIUSDT,1.68500000,301.60000000,True
0,AUDIOUSDT,0.24090000,132.30000000,True
0,CTKUSDT,0.79350000,9.90000000,False
0,SUSHIUSDT,1.68600000,59.30000000,False
0,INJUSDT,34.70000000,4.10000000,True
0,KMDUSDT,0.31020000,136.00000000,True
0,KMDUSDT,0.31010000,305.00000000,True
0,KMDUSDT,0.31000000,169.00000000,True
0,KMDUSDT,0.30990000,1813.00000000,True
0,KMDUSDT,0.30980000,78.00000000,True
0,DCRUSDT,20.31000000,0.25100000,False
0,AVAXUSDT,36.60000000,10.35000000,True
0,SUSHIUSDT,1.68600000,3623.90000000,False
0,SUSHIUSDT,1.68700000,5089.60000000,False
0,SUSHIUSDT,1.68700000,8.80000000,False
0,SUSHIUSDT,1.68600000,182.30000000,True
0,SUSHIUSDT,1.68600000,399.80000000,False
0,SUSHIUSDT,1.68600000,182.40000000,False
0,SUSHIUSDT,1.68600000,128.90000000,False
0,KMDUSDT,0.30990000,140.00000000,True
0,SUSHIUSDT,1.68600000,271.00000000,False
0,SUSHIUSDT,1.68700000,30.10000000,False
0,SUSHIUSDT,1.68700000,158.00000000,False
0,SUSHIUSDT,1.68700000,763.50000000,False
0,SUSHIUSDT,1.68700000,211.20000000,False
0,SUSHIUSDT,1.68700000,41.80000000,False
0,SUSHIUSDT,1.68700000,468.00000000,False
0,SUSHIUSDT,1.68700000,1729.40000000,False
0,SUSHIUSDT,1.68700000,283.20000000,False
0,SUSHIUSDT,1.68700000,374.60000000,True
0,BALUSDT,4.65700000,1.65000000,True
0,BALUSDT,4.65600000,221.04000000,True
0,SUSHIUSDT,1.68700000,273.10000000,False
0,AAVEUSDT,99.72000000,0.10100000,False
0,KMDUSDT,0.31000000,204.00000000,True
0,IRISUSDT,0.03333000,2998.50000000,True
0,NEARUSDT,3.81300000,332.30000000,True
0,SUSHIUSDT,1.68700000,615.60000000,True
0,TIAUSDT,16.94070000,5.20000000,True
0,SANDUSDT,0.52160000,591.00000000,False
0,UNIUSDT,11.18400000,13.96000000,True
0,MKRUSDT,2023.00000000,0.11900000,True
0,NEARUSDT,3.81300000,5.30000000,False
0,SUSHIUSDT,1.68700000,182.30000000,False
0,RUNEUSDT,5.43000000,6.70000000,True
0,CRVUSDT,0.59990000,16.60000000,False
0,LUNAUSDT,0.66620000,240.53000000,True
0,LUNAUSDT,0.66610000,30.57000000,True
0,ORNUSDT,1.56710000,5.40000000,False
0,ORNUSDT,1.56730000,5.30000000,False
0,ORNUSDT,1.56750000,5.20000000,False
0,ORNUSDT,1.56770000,5.10000000,False
0,ORNUSDT,1.56790000,5.00000000,False
0,ORNUSDT,1.56770000,5.20000000,False
0,ORNUSDT,1.56790000,5.10000000,False
0,ORNUSDT,1.56800000,6.40000000,False
0,ORNUSDT,1.56810000,11.30000000,False
0,ORNUSDT,1.56830000,11.80000000,False
0,SUNUSDT,0.01096000,6351.00000000,False
0,ORNUSDT,1.56850000,458.60000000,False
0,ORNUSDT,1.56870000,4.80000000,False
0,ORNUSDT,1.56890000,11.20000000,False
0,ORNUSDT,1.56910000,79.40000000,False
0,ORNUSDT,1.56830000,6.40000000,False
0,ORNUSDT,1.56840000,6.80000000,False
0,ORNUSDT,1.56840000,6.40000000,False
0,ORNUSDT,1.56920000,10.50000000,False
0,ORNUSDT,1.56930000,5.50000000,False
0,ORNUSDT,1.56890000,4.80000000,False
0,ORNUSDT,1.56910000,5.70000000,False
0,SUSHIUSDT,1.68700000,8.70000000,True
0,ORNUSDT,1.56940000,9.00000000,False
0,ORNUSDT,1.56950000,5.40000000,False
0,ORNUSDT,1.56930000,5.00000000,False
0,ORNUSDT,1.56950000,4.90000000,False
0,ORNUSDT,1.56970000,10.50000000,False
0,UNIUSDT,11.18500000,17.88000000,False
0,SUSHIUSDT,1.68700000,204.40000000,True
0,SUNUSDT,0.01096000,2558.00000000,False
0,SUNUSDT,0.01097000,11207.00000000,False
0,UNIUSDT,11.18500000,37.18000000,False
0,EGLDUSDT,58.05000000,1.72000000,True
0,EGLDUSDT,58.05000000,4.73000000,True
0,EGLDUSDT,58.05000000,0.64000000,True
0,EGLDUSDT,58.05000000,9.41000000,True
0,EGLDUSDT,58.04000000,17.12000000,True
0,IRISUSDT,0.03333000,2998.50000000,True
0,UMAUSDT,3.98200000,36.90000000,True
0,UMAUSDT,3.98100000,15.00000000,True
0,IRISUSDT,0.03335000,618.60000000,False
0,NEARUSDT,3.81300000,1.60000000,False
0,ALPHAUSDT,0.13840000,71.00000000,False
0,AVAXUSDT,36.61000000,0.63000000,False
0,XVSUSDT,12.71000000,45.21000000,False
0,NEARUSDT,3.81300000,3398.30000000,False
0,NEARUSDT,3.81300000,5.00000000,False
0,UNIUSDT,11.18400000,2.67000000,False
0,SUNUSDT,0.01097000,910.00000000,False
0,CTKUSDT,0.79340000,126.30000000,True
0,CTKUSDT,0.79330000,85.20000000,True
0,CTKUSDT,0.79320000,6.50000000,True
0,NEARUSDT,3.81400000,2.00000000,True
0,UNIUSDT,11.18800000,0.71000000,True
0,AKROUSDT,0.00581100,13386.00000000,True
0,TRBUSDT,115.03000000,0.16000000,False
0,TRBUSDT,115.04000000,0.34000000,False
0,NEARUSDT,3.81400000,1400.00000000,True
0,IRISUSDT,0.03333000,2998.50000000,True
0,UMAUSDT,3.98300000,25.50000000,True
0,BALUSDT,4.65600000,143.74000000,True
0,UNIUSDT,11.18900000,0.89000000,False
0,KSMUSDT,47.10000000,0.72100000,True
0,KSMUSDT,47.09000000,0.87800000,True
0,RUNEUSDT,5.43000000,400.00000000,True
0,RUNEUSDT,5.43000000,25.20000000,True
0,NEARUSDT,3.81400000,21.00000000,True
0,SUSHIUSDT,1.68800000,56.30000000,False
0,CTKUSDT,0.79360000,10.10000000,False
0,CTKUSDT,0.79370000,10.20000000,False
0,CTKUSDT,0.79380000,19.80000000,False
0,CTKUSDT,0.79390000,9.90000000,False
0,UNIUSDT,11.19100000,0.89000000,False
0,UNIUSDT,11.19200000,17.89000000,False
0,OCEANUSDT,0.72300000,517.00000000,True
0,OCEANUSDT,0.72290000,434.00000000,True
0,FILUSDT,7.82800000,20.30000000,False
0,FLMUSDT,0.09890000,505.00000000,False
0,IRISUSDT,0.03333000,2998.50000000,True
0,SUSHIUSDT,1.68800000,27.10000000,True
0,AKROUSDT,0.00581000,268.00000000,True
0,AKROUSDT,0.00580900,80381.00000000,True
0,AKROUSDT,0.00580800,53550.00000000,True
0,AKROUSDT,0.00580700,9196.00000000,True
0,AKROUSDT,0.00580600,9467.00000000,True
0,AKROUSDT,0.00580500,260.00000000,True
0,AKROUSDT,0.00580500,132652.00000000,False
0,SUSHIUSDT,1.68800000,505.50000000,True
0,TRBUSDT,115.04000000,8.69000000,False
0,SUSHIUSDT,1.68800000,789.60000000,True
0,SUSHIUSDT,1.68800000,937.50000000,True
0,SUSHIUSDT,1.68800000,182.30000000,False
0,WINGUSDT,9.29000000,126.92000000,True
0,NEARUSDT,3.81500000,151.20000000,False
0,NEARUSDT,3.81500000,165.00000000,False
0,NEARUSDT,3.81500000,462.20000000,False
0,NEARUSDT,3.81500000,259.80000000,False
0,NEARUSDT,3.81500000,79.10000000,False
0,NEARUSDT,3.81600000,125.30000000,False
0,NEARUSDT,3.81600000,206.20000000,False
0,NEARUSDT,3.81600000,265.90000000,False
0,NEARUSDT,3.81600000,167.60000000,False
0,NEARUSDT,3.81600000,170.00000000,False
0,NEARUSDT,3.81600000,24.30000000,False
0,NEARUSDT,3.81700000,237.40000000,False
0,NEARUSDT,3.81600000,2.00000000,True
0,TIAUSDT,16.94080000,6.20000000,True
0,CRVUSDT,0.59990000,115.40000000,False
0,CRVUSDT,0.60000000,12.60000000,False
0,FILUSDT,7.82900000,35.20000000,False
0,FILUSDT,7.83000000,1.28000000,False
0,SUSHIUSDT,1.68900000,487.90000000,False
0,SUSHIUSDT,1.68900000,182.30000000,True
0,BELUSDT,0.73760000,10.20000000,False
0,RUNEUSDT,5.43000000,80.00000000,False
0,NEARUSDT,3.81600000,13.10000000,True
0,NEARUSDT,3.81600000,87.50000000,True
0,AVAXUSDT,36.61000000,1.06000000,False
0,NMRUSDT,31.06000000,0.85000000,False
0,NMRUSDT,31.06000000,6.92000000,False
0,SUNUSDT,0.01097000,1754.00000000,False
0,ORNUSDT,1.56970000,5.70000000,False
0,ORNUSDT,1.56990000,18.40000000,False
0,ORNUSDT,1.57010000,4.90000000,False
0,ORNUSDT,1.57030000,5.00000000,False
0,TIAUSDT,16.94090000,10.80000000,False
0,SUSHIUSDT,1.68900000,182.30000000,False
0,SUSHIUSDT,1.68900000,26.10000000,False
0,SUSHIUSDT,1.68900000,182.30000000,True
0,BLZUSDT,0.36690000,52.00000000,False
0,UNIUSDT,11.19600000,22.00000000,True
0,IRISUSDT,0.03333000,618.60000000,True
0,IRISUSDT,0.03333000,2998.50000000,True
0,FLMUSDT,0.09890000,170.00000000,False
0,NTRNUSDT,1.58580000,12.30000000,True
0,BALUSDT,4.65900000,13.59000000,False
0,BLZUSDT,0.36690000,169.00000000,False
0,CRVUSDT,0.60000000,100.00000000,False
0,CRVUSDT,0.60000000,156.30000000,False
0,CRVUSDT,0.60010000,177.00000000,False
0,SUSHIUSDT,1.68800000,5.90000000,True
0,SUSHIUSDT,1.68900000,182.30000000,False
0,FILUSDT,7.83000000,3.00000000,True
0,NTRNUSDT,1.58580000,4.40000000,True
0,RUNEUSDT,5.43000000,18.70000000,True
0,EGLDUSDT,58.05000000,0.80000000,False
0,BELUSDT,0.73750000,31.10000000,True
0,BALUSDT,4.65900000,115.23000000,False
0,BALUSDT,4.66000000,9.37000000,False
0,BALUSDT,4.66000000,21.70000000,False
0,BALUSDT,4.66000000,455.42000000,False
0,BALUSDT,4.66100000,46.30000000,False
0,BALUSDT,4.66100000,26.09000000,False
0,NEARUSDT,3.81600000,100.00000000,True
0,AVAXUSDT,36.61000000,202.58000000,False
0,LUNAUSDT,0.66630000,150.00000000,False
0,LUNAUSDT,0.66630000,298.00000000,True
0,RSRUSDT,0.00314300,69953.00000000,False
0,TRBUSDT,115.04000000,3.81000000,False
0,TRBUSDT,115.04000000,4.16000000,False
0,TRBUSDT,115.04000000,4.16000000,False
0,TRBUSDT,115.04000000,22.46000000,False
0,TRBUSDT,115.04000000,1.50000000,False
0,TRBUSDT,115.04000000,3.40000000,False
0,MKRUSDT,2024.00000000,0.40000000,False
0,OXTUSDT,0.12330000,1755.00000000,False
0,OXTUSDT,0.12330000,6515.00000000,False
0,OXTUSDT,0.12330000,12772.00000000,False
0,OXTUSDT,0.12330000,9850.00000000,False
0,OXTUSDT,0.12330000,1755.00000000,False
0,YFIUSDT,8370.00000000,0.00097000,False
0,IRISUSDT,0.03333000,2998.50000000,True
0,RUNEUSDT,5.43100000,80.00000000,False
0,RUNEUSDT,5.43200000,708.00000000,False
0,RUNEUSDT,5.43200000,1341.60000000,False
0,RUNEUSDT,5.43200000,372.70000000,True
0,RUNEUSDT,5.43200000,80.10000000,False
0,RUNEUSDT,5.43200000,80.10000000,False
0,RUNEUSDT,5.43200000,80.10000000,False
0,RUNEUSDT,5.43200000,80.10000000,False
0,RUNEUSDT,5.43200000,80.10000000,False
0,RUNEUSDT,5.43200000,80.10000000,False
0,INJUSDT,34.71000000,8.40000000,False
0,CRVUSDT,0.60010000,685.80000000,False
0,CRVUSDT,0.60010000,939.60000000,False
0,CRVUSDT,0.60010000,444.30000000,False
0,DOTUSDT,7.78800000,6.08000000,False
0,MANAUSDT,0.49960000,46.00000000,False
0,SUSHIUSDT,1.69000000,24.40000000,False
0,NEARUSDT,3.81700000,83.90000000,False
0,CRVUSDT,0.60010000,0.10000000,False
0,IRISUSDT,0.03335000,2860.70000000,False
0,IRISUSDT,0.03335000,2511.90000000,False
0,IRISUSDT,0.03335000,1918.10000000,False
0,UMAUSDT,3.98400000,1.80000000,False
0,SUSHIUSDT,1.69000000,340.80000000,False
0,SUSHIUSDT,1.69000000,299.60000000,False
0,SUSHIUSDT,1.69000000,176.40000000,True
0,SUSHIUSDT,1.69000000,71.00000000,True
0,CTKUSDT,0.79360000,17.20000000,True
0,LUNAUSDT,0.66640000,1173.00000000,False
0,LUNAUSDT,0.66640000,52.70000000,False
0,LUNAUSDT,0.66640000,0.02000000,False
0,LUNAUSDT,0.66640000,52.60000000,False
0,SUSHIUSDT,1.69000000,402.40000000,False
0,CTKUSDT,0.79360000,93.70000000,True
0,SUSHIUSDT,1.69000000,373.50000000,False
0,SUSHIUSDT,1.69000000,153.80000000,False
0,SUSHIUSDT,1.69000000,555.80000000,True
0,SUSHIUSDT,1.69000000,438.60000000,False
0,SUSHIUSDT,1.69000000,117.20000000,False
0,SUSHIUSDT,1.69000000,555.80000000,True
0,SUSHIUSDT,1.69000000,182.30000000,False
0,SANDUSDT,0.52160000,200.00000000,True
0,SUSHIUSDT,1.69000000,555.50000000,True
0,UNIUSDT,11.19600000,9.25000000,True
0,IRISUSDT,0.03333000,2998.50000000,True
0,WINGUSDT,9.29000000,3.55000000,True
0,SUSHIUSDT,1.68900000,183.40000000,True
0,SANDUSDT,0.52160000,1600.00000000,True
0,SANDUSDT,0.52160000,607.00000000,True
0,SANDUSDT,0.52160000,984.00000000,True
0,SANDUSDT,0.52160000,1125.00000000,True
0,SANDUSDT,0.52160000,485.00000000,True
0,SANDUSDT,0.52150000,704.00000000,True
0,SANDUSDT,0.52150000,1460.00000000,True
0,FILUSDT,7.83000000,34.72000000,True
0,SANDUSDT,0.52150000,410.00000000,True
0,SANDUSDT,0.52150000,312.00000000,True
0,SANDUSDT,0.52150000,746.00000000,True
0,SANDUSDT,0.52150000,484.00000000,True
0,OCEANUSDT,0.72310000,15.00000000,True
0,NEARUSDT,3.81600000,9.00000000,True
0,FILUSDT,7.83000000,27.95000000,True
0,NEARUSDT,3.81600000,1.80000000,True
0,NEARUSDT,3.81600000,626.90000000,True
0,UNIUSDT,11.19600000,2.01000000,True
0,FILUSDT,7.82900000,2.68000000,False
0,INJUSDT,34.70000000,1.00000000,True
0,DIAUSDT,0.51420000,57.80000000,False
0,SUSHIUSDT,1.68900000,266.00000000,False
0,SUSHIUSDT,1.68900000,152.00000000,False
0,AKROUSDT,0.00580700,13397.00000000,False
0,AKROUSDT,0.00580800,13401.00000000,False
0,AKROUSDT,0.00580900,7068.00000000,False
0,AKROUSDT,0.00581000,529.00000000,False
0,SUSHIUSDT,1.68900000,76.00000000,True
0,SUNUSDT,0.01096000,13538.00000000,True
0,STORJUSDT,0.73090000,34.00000000,False
0,DOTUSDT,7.78700000,281.27000000,True
0,DOTUSDT,7.78600000,41.89000000,True
0,DOTUSDT,7.78500000,64.84000000,True
0,UNIUSDT,11.19600000,9.74000000,True
0,UNIUSDT,11.19500000,5.35000000,True
0,UNIUSDT,11.19400000,134.09000000,True
0,UNIUSDT,11.19300000,97.37000000,True
0,UNIUSDT,11.19200000,1.57000000,True
0,UNIUSDT,11.19100000,43.07000000,True
0,IRISUSDT,0.03333000,2998.50000000,True
0,AVAXUSDT,36.62000000,0.35000000,False
0,CRVUSDT,0.60010000,334.50000000,True
0,TIAUSDT,16.94160000,8.70000000,True
0,INJUSDT,34.71000000,0.40000000,False
0,TIAUSDT,16.94110000,1.20000000,False
0,TIAUSDT,16.94160000,25.00000000,False
0,TIAUSDT,16.94170000,3.10000000,False
0,TIAUSDT,16.94180000,34.80000000,False
0,TIAUSDT,16.94170000,8.70000000,True
0,TIAUSDT,16.94100000,8.70000000,True
0,TIAUSDT,16.94070000,1.10000000,True
0,TIAUSDT,16.94020000,8.70000000,True
0,TIAUSDT,16.94000000,8.70000000,True
0,SANDUSDT,0.52150000,195.00000000,True
0,SANDUSDT,0.52150000,1301.00000000,True
0,SANDUSDT,0.52150000,561.00000000,True
0,SANDUSDT,0.52150000,1562.00000000,True
0,SANDUSDT,0.52150000,567.00000000,True
0,SANDUSDT,0.52150000,337.00000000,True
0,SANDUSDT,0.52150000,223.00000000,True
0,SANDUSDT,0.52150000,683.00000000,True
0,SANDUSDT,0.52150000,335.00000000,True
0,SANDUSDT,0.52150000,5985.00000000,True
0,SANDUSDT,0.52150000,186.00000000,True
0,SANDUSDT,0.52140000,638.00000000,True
0,SANDUSDT,0.52130000,603.00000000,True
0,SANDUSDT,0.52120000,673.00000000,True
0,SANDUSDT,0.52120000,1276.00000000,True
0,SANDUSDT,0.52120000,897.00000000,True
0,DOTUSDT,7.78500000,25.76000000,True
0,SANDUSDT,0.52120000,1460.00000000,True
0,SUNUSDT,0.01096000,911.00000000,False
0,DCRUSDT,20.30000000,0.80100000,False
0,DCRUSDT,20.31000000,6.56200000,False
0,SANDUSDT,0.52120000,32.00000000,False
0,TIAUSDT,16.93490000,0.70000000,True
0,TIAUSDT,16.93410000,0.30000000,True
0,INJUSDT,34.71000000,3.90000000,False
0,INJUSDT,34.72000000,11.50000000,False
0,INJUSDT,34.72000000,4.60000000,False
0,INJUSDT,34.73000000,15.40000000,False
0,UNIUSDT,11.19200000,0.89000000,False
0,UNIUSDT,11.19400000,15.50000000,False
0,UNIUSDT,11.19500000,197.23000000,False
0,SANDUSDT,0.52120000,658.00000000,False
0,DOTUSDT,7.78500000,10.00000000,True
0,SUSHIUSDT,1.69000000,449.30000000,False
0,UNIUSDT,11.19400000,0.89000000,True
0,UNIUSDT,11.19300000,22.87000000,True
0,SUSHIUSDT,1.69000000,444.30000000,True
0,TIAUSDT,16.93410000,0.70000000,True
0,IRISUSDT,0.03333000,2998.50000000,True
0,NEARUSDT,3.81400000,910.00000000,True
0,AUDIOUSDT,0.24080000,399.00000000,False
0,LUNAUSDT,0.66640000,96.17000000,False
0,SUSHIUSDT,1.69000000,6.90000000,False
0,NEARUSDT,3.81300000,214.40000000,True
0,NEARUSDT,3.81300000,16.00000000,True
0,YFIUSDT,8371.00000000,0.00370000,False
0,NEARUSDT,3.81300000,91.60000000,False
0,ORNUSDT,1.56970000,16.70000000,True
0,SANDUSDT,0.52130000,220.00000000,True
0,AAVEUSDT,99.68000000,0.05800000,True
0,NTRNUSDT,1.58770000,500.00000000,True
0,IRISUSDT,0.03333000,333.30000000,True
0,NEARUSDT,3.81400000,25.70000000,True
0,RUNEUSDT,5.43100000,1.90000000,False
0,MKRUSDT,2024.00000000,0.31300000,True
0,MANAUSDT,0.49950000,26.00000000,True
0,MANAUSDT,0.49940000,169.00000000,True
0,MANAUSDT,0.49930000,2805.00000000,True
0,MKRUSDT,2024.00000000,0.00480000,False
0,AUDIOUSDT,0.24080000,850.00000000,True
0,AUDIOUSDT,0.24070000,2150.00000000,True
0,NEARUSDT,3.81500000,1.30000000,False
0,NEARUSDT,3.81500000,3.00000000,False
0,DOTUSDT,7.78600000,7.06000000,False
0,DOTUSDT,7.78600000,54.96000000,False
0,UNIUSDT,11.19400000,0.89000000,True
0,UNIUSDT,11.19200000,13.96000000,True
0,CRVUSDT,0.60000000,166.60000000,False
0,UNIUSDT,11.19100000,10.72000000,True
0,ORNUSDT,1.57010000,5.40000000,False
0,FILUSDT,7.82800000,287.76000000,True
0,FILUSDT,7.82700000,269.65000000,True
0,STORJUSDT,0.73090000,18.00000000,True
0,NTRNUSDT,1.58740000,19.10000000,True
0,EGLDUSDT,58.05000000,0.43000000,True
0,EGLDUSDT,58.05000000,0.67000000,False
0,DIAUSDT,0.51370000,449.30000000,True
0,AXSUSDT,8.08000000,1.40000000,True
0,TRBUSDT,115.04000000,1.70000000,False
0,FILUSDT,7.82700000,2.55000000,False
0,SUSHIUSDT,1.68900000,109.00000000,True
0,NEARUSDT,3.81500000,2.60000000,False
0,UNIUSDT,11.18800000,1.78000000,False
0,UNIUSDT,11.19000000,90.13000000,False
0,UNIUSDT,11.19100000,62.85000000,False
0,UNIUSDT,11.19200000,192.05000000,False
0,UNIUSDT,11.19300000,147.08000000,False
0,UNIUSDT,11.19400000,217.75000000,False
0,UNIUSDT,11.19500000,196.46000000,False
0,UNIUSDT,11.19600000,184.68000000,False
0,NTRNUSDT,1.58720000,19.10000000,True
0,NEARUSDT,3.81500000,8.50000000,False
0,SUSHIUSDT,1.69000000,238.10000000,False
0,YFIUSDT,8370.00000000,0.02000000,True
0,AVAXUSDT,36.61000000,2.15000000,False
0,AVAXUSDT,36.61000000,5.46000000,False
0,RUNEUSDT,5.43000000,39.40000000,True
0,YFIUSDT,8368.00000000,0.00089000,True
0,CTKUSDT,0.79360000,92.30000000,True
0,CTKUSDT,0.79360000,46.90000000,True
0,CTKUSDT,0.79360000,49.90000000,True
0,CTKUSDT,0.79360000,17.50000000,True
0,INJUSDT,34.73000000,10.00000000,False
0,TIAUSDT,16.93470000,0.40000000,False
0,OXTUSDT,0.12340000,2432.00000000,False
0,TIAUSDT,16.93460000,0.40000000,True
0,TIAUSDT,16.93410000,0.40000000,True
0,TIAUSDT,16.93340000,0.40000000,True
0,TIAUSDT,16.93250000,0.40000000,True
0,TIAUSDT,16.93210000,8.40000000,True
0,DCRUSDT,20.27000000,13.26200000,True
0,DCRUSDT,20.26000000,4.21700000,True
0,DCRUSDT,20.25000000,0.02100000,True
0,FILUSDT,7.82600000,41.04000000,True
0,FILUSDT,7.82500000,27.00000000,True
0,FILUSDT,7.82400000,15.33000000,True
0,FILUSDT,7.82300000,1.62000000,False
0,PAXGUSDT,2009.00000000,0.01520000,True
0,INJUSDT,34.73000000,0.60000000,False
0,FILUSDT,7.82300000,3.83000000,False
0,FILUSDT,7.82300000,5.47000000,False
0,CTKUSDT,0.79350000,9.60000000,True
0,SUSHIUSDT,1.68900000,53.00000000,True
0,NEARUSDT,3.81400000,36.90000000,False
0,NEARUSDT,3.81400000,2.10000000,False
0,NEARUSDT,3.81500000,128.40000000,False
0,CTKUSDT,0.79330000,10.00000000,True
0,NEARUSDT,3.81500000,34.00000000,False
0,BLZUSDT,0.36700000,53.00000000,True
0,DCRUSDT,20.26000000,9.54100000,True
0,DCRUSDT,20.25000000,7.95900000,True
0,DIAUSDT,0.51370000,99.30000000,True
0,CTKUSDT,0.79310000,20.00000000,True
0,CTKUSDT,0.79310000,0.10000000,True
0,CTKUSDT,0.79300000,10.10000000,True
0,CTKUSDT,0.79300000,13.90000000,False
0,AVAXUSDT,36.60000000,2.73000000,True
0,UNIUSDT,11.19400000,8.93000000,False
0,TRBUSDT,115.04000000,8.69000000,False
0,TIAUSDT,16.93330000,1.10000000,True
0,TIAUSDT,16.93280000,0.40000000,True
0,TIAUSDT,16.93210000,0.40000000,True
0,TIAUSDT,16.93200000,7.00000000,True
0,TIAUSDT,16.93130000,0.40000000,True
0,TIAUSDT,16.93120000,0.40000000,True
0,TIAUSDT,16.93070000,8.70000000,True
0,TIAUSDT,16.93030000,3.00000000,True
0,TIAUSDT,16.93020000,0.70000000,True
0,TIAUSDT,16.92980000,7.90000000,True
0,UNIUSDT,11.19300000,32.01000000,True
0,UNIUSDT,11.19200000,4.15000000,True
0,CTKUSDT,0.79290000,13.90000000,False
0,CTKUSDT,0.79320000,24.30000000,False
0,CTKUSDT,0.79330000,24.20000000,False
0,CTKUSDT,0.79340000,22.10000000,False
0,NEARUSDT,3.81500000,4.50000000,False
0,DCRUSDT,20.25000000,0.31500000,True
0,DCRUSDT,20.24000000,17.18500000,True
0,SUSHIUSDT,1.68800000,217.70000000,True
0,CTKUSDT,0.79290000,13.90000000,False
0,TIAUSDT,16.93220000,0.70000000,True
0,DOTUSDT,7.78600000,283.12000000,False
0,DCRUSDT,20.28000000,0.31500000,False
0,DCRUSDT,20.29000000,13.45300000,False
0,DCRUSDT,20.30000000,5.44200000,False
0,STORJUSDT,0.73060000,320.00000000,True
0,BELUSDT,0.73750000,11.10000000,True
0,BELUSDT,0.73740000,30.10000000,True
0,FILUSDT,7.82200000,192.81000000,True
0,FILUSDT,7.82100000,60.44000000,True
0,AKROUSDT,0.00581000,272.00000000,False
0,SUNUSDT,0.01096000,911.00000000,False
0,FILUSDT,7.82100000,54.63000000,True
0,RSRUSDT,0.00314300,208666.70000000,True
0,RSRUSDT,0.00314200,66360.60000000,True
0,RSRUSDT,0.00314100,12231.50000000,True
0,DOTUSDT,7.78500000,11.07000000,True
0,BELUSDT,0.73740000,11.00000000,True
0,AAVEUSDT,99.67000000,1.83000000,True
0,AAVEUSDT,99.67000000,2.16100000,True
0,AAVEUSDT,99.66000000,11.74200000,True
0,FILUSDT,7.82000000,347.91000000,True
0,AAVEUSDT,99.66000000,3.99100000,True
0,AAVEUSDT,99.65000000,2.81400000,True
0,AAVEUSDT,99.65000000,15.42500000,True
0,AAVEUSDT,99.65000000,0.93000000,True
0,AAVEUSDT,99.65000000,3.99100000,True
0,RSRUSDT,0.00314200,10677.90000000,True
0,OCEANUSDT,0.72310000,340.00000000,True
0,OCEANUSDT,0.72300000,511.00000000,True
0,TIAUSDT,16.93220000,0.10000000,True
0,TIAUSDT,16.93170000,0.40000000,True
0,TIAUSDT,16.93150000,0.40000000,True
0,OCEANUSDT,0.72290000,11.00000000,True
0,BELUSDT,0.73730000,82.70000000,True
0,SANDUSDT,0.52110000,429.00000000,True
0,SANDUSDT,0.52100000,665.00000000,True
0,NMRUSDT,31.05000000,6.92000000,True
0,NMRUSDT,31.05000000,11.20000000,True
0,TIAUSDT,16.93140000,0.40000000,True
0,OCEANUSDT,0.72270000,18.00000000,True
0,OCEANUSDT,0.72260000,685.00000000,True
0,STORJUSDT,0.73030000,34.00000000,False
0,FILUSDT,7.82100000,0.94000000,False
0,FILUSDT,7.82100000,5.43000000,False
0,AUDIOUSDT,0.24050000,3176.60000000,True
0,UTKUSDT,0.07950000,141.00000000,True
0,DCRUSDT,20.28000000,3.77600000,False
0,DCRUSDT,20.29000000,4.19400000,False
0,UNIUSDT,11.19000000,0.89000000,True
0,TRBUSDT,115.03000000,0.10000000,True
0,TRBUSDT,115.01000000,2.26000000,True
0,EGLDUSDT,58.05000000,0.93000000,False
0,NMRUSDT,31.06000000,0.32000000,False
0,NEARUSDT,3.81600000,2.00000000,False
0,SUSHIUSDT,1.68800000,555.80000000,False
0,AVAXUSDT,36.61000000,0.20000000,False
0,CTKUSDT,0.79320000,14.00000000,True
0,CTKUSDT,0.79310000,14.00000000,True
0,CTKUSDT,0.79300000,50.10000000,True
0,CTKUSDT,0.79290000,139.80000000,True
0,CTKUSDT,0.79280000,112.20000000,True
0,CTKUSDT,0.79270000,825.40000000,True
0,CTKUSDT,0.79260000,319.30000000,True
0,CTKUSDT,0.79250000,503.10000000,True
0,CTKUSDT,0.79240000,24.30000000,True
0,CTKUSDT,0.79230000,144.00000000,True
0,CTKUSDT,0.79220000,23.60000000,True
0,CTKUSDT,0.79210000,1528.30000000,True
0,CTKUSDT,0.79200000,713.60000000,True
0,CTKUSDT,0.79190000,19.20000000,True
0,CTKUSDT,0.79180000,1814.30000000,True
0,CTKUSDT,0.79170000,23.90000000,True
0,CTKUSDT,0.79150000,24.00000000,True
0,CTKUSDT,0.79140000,91.70000000,True
0,CTKUSDT,0.79290000,10.10000000,False
0,CTKUSDT,0.79280000,10.10000000,False
0,CTKUSDT,0.79270000,6.70000000,False
0,CTKUSDT,0.79290000,3.40000000,False
0,CTKUSDT,0.79200000,13.90000000,False
0,CTKUSDT,0.79200000,0.10000000,False
0,CTKUSDT,0.79270000,10.10000000,False
0,CTKUSDT,0.79280000,98.30000000,False
0,CTKUSDT,0.79290000,96.50000000,False
0,CTKUSDT,0.79270000,8.80000000,False
0,CTKUSDT,0.79200000,8.80000000,False
0,CTKUSDT,0.79200000,5.20000000,False
0,CTKUSDT,0.79200000,14.00000000,False
0,CTKUSDT,0.79210000,14.00000000,False
0,LUNAUSDT,0.66620000,15.01000000,True
0,LUNAUSDT,0.66610000,2.94000000,True
0,DCRUSDT,20.25000000,14.64400000,True
0,DCRUSDT,20.24000000,4.63300000,True
0,AAVEUSDT,99.66000000,5.48500000,False
0,AVAXUSDT,36.61000000,6.82000000,False
0,AKROUSDT,0.00581000,2065.00000000,False
0,SANDUSDT,0.52110000,19.00000000,False
0,STORJUSDT,0.73040000,14.00000000,False
0,NEARUSDT,3.81600000,25.00000000,True
0,BLZUSDT,0.36700000,100.00000000,True
0,FILUSDT,7.82000000,1503.83000000,True
0,FILUSDT,7.82000000,137.89000000,True
0,FILUSDT,7.81900000,38.23000000,False
0,YFIUSDT,8368.00000000,0.00911000,True
0,YFIUSDT,8367.00000000,0.00090000,True
0,YFIUSDT,8366.00000000,0.03263000,True
0,ORNUSDT,1.57030000,5.30000000,False
0,ORNUSDT,1.57040000,7.40000000,True
0,ORNUSDT,1.57040000,8.50000000,True
0,NEARUSDT,3.81700000,45.40000000,False
0,BELUSDT,0.73740000,10.50000000,False
0,AUDIOUSDT,0.24040000,107.20000000,True
0,AUDIOUSDT,0.24040000,172.90000000,False
0,FILUSDT,7.81900000,177.13000000,False
0,UNIUSDT,11.18800000,0.89000000,True
0,UNIUSDT,11.18600000,146.86000000,True
0,UNIUSDT,11.18500000,22.12000000,True
0,UNIUSDT,11.18400000,106.26000000,True
0,UNIUSDT,11.18300000,14.74000000,True
0,UNIUSDT,11.18200000,51.38000000,True
0,UNIUSDT,11.18300000,0.89000000,True
0,UNIUSDT,11.18200000,8.61000000,True
0,UNIUSDT,11.18200000,0.01000000,True
0,UNIUSDT,11.18100000,22.02000000,True
0,RUNEUSDT,5.42900000,2.70000000,True
0,MKRUSDT,2023.00000000,0.33400000,True
0,MKRUSDT,2023.00000000,0.01450000,True
0,MKRUSDT,2023.00000000,0.00360000,True
0,SUNUSDT,0.01096000,7146.00000000,False
0,SUNUSDT,0.01097000,8164.00000000,False
0,NEARUSDT,3.81700000,497.10000000,False
0,NEARUSDT,3.81800000,29.00000000,False
0,NEARUSDT,3.81800000,60.00000000,False
0,NEARUSDT,3.81800000,125.00000000,False
0,SUNUSDT,0.01096000,8972.00000000,True
0,MKRUSDT,2023.00000000,0.00480000,False
0,SANDUSDT,0.52110000,865.00000000,False
0,UNIUSDT,11.18100000,2.67000000,False
0,NMRUSDT,31.06000000,4.88000000,True
0,NMRUSDT,31.06000000,0.18000000,True
0,NMRUSDT,31.06000000,0.94000000,True
0,SUSHIUSDT,1.68800000,3.70000000,True
0,ORNUSDT,1.57050000,4.00000000,False
0,NEARUSDT,3.81800000,134.10000000,False
0,NEARUSDT,3.81800000,65.70000000,False
0,BELUSDT,0.73740000,93.90000000,True
0,BELUSDT,0.73730000,152.40000000,True
0,BELUSDT,0.73720000,269.20000000,True
0,BELUSDT,0.73710000,83.10000000,True
0,BELUSDT,0.73700000,10.90000000,True
0,BELUSDT,0.73690000,146.20000000,True
0,BELUSDT,0.73690000,2829.40000000,False
0,BELUSDT,0.73690000,171.90000000,False
0,BELUSDT,0.73690000,2243.00000000,False
0,NEARUSDT,3.81800000,6.30000000,True
0,TIAUSDT,16.92820000,0.40000000,True
0,TIAUSDT,16.92790000,0.40000000,True
0,TIAUSDT,16.92720000,0.40000000,True
0,TIAUSDT,16.92630000,0.40000000,True
0,TIAUSDT,16.92510000,1.20000000,True
0,TIAUSDT,16.92440000,25.00000000,True
0,TIAUSDT,16.92420000,22.20000000,True
0,SUSHIUSDT,1.68900000,36.80000000,False
0,SUSHIUSDT,1.68900000,1623.00000000,False
0,NEARUSDT,3.81800000,1121.60000000,True
0,NEARUSDT,3.81700000,278.40000000,True
0,NEARUSDT,3.81700000,1.40000000,True
0,DCRUSDT,20.25000000,9.54200000,True
0,DCRUSDT,20.24000000,2.84000000,True
0,CTKUSDT,0.79260000,59.20000000,False
0,TIAUSDT,16.92630000,0.40000000,False
0,TIAUSDT,16.92680000,0.10000000,False
0,INJUSDT,34.73000000,0.20000000,False
0,TRBUSDT,115.03000000,1.81000000,False
